{"cameraMode":{"drawMode":0,"name":"Shaded","section":"Shading Mode"},"sceneLighting":true,"audioPlay":false,"sceneViewState":{"m_AlwaysRefresh":false,"showFog":true,"showSkybox":true,"showFlares":true,"showImageEffects":true,"showParticleSystems":true,"showVisualEffectGraphs":true,"m_FxEnabled":false},"in2DMode":false,"pivot":{"x":-17.45948600769043,"y":4.842985153198242,"z":-1.4137314558029175},"rotation":{"x":-0.0027077398262917997,"y":0.7402934432029724,"z":-0.007688920013606548,"w":-0.6732693910598755},"size":14.33094310760498,"orthographic":false}